South Korea;Honduras;
Bosnia & Herzegovina;Montenegro;
Iran;Turkey;
Nigeria;D.R. Congo;
Portugal;Tunisia;
Italy;Saudi Arabia;
France;Ireland;
USA;Bolivia;
Mexico;Wales;
Azerbaijan;Kyrgyzstan;
Malta;Armenia;
Panama;Northern Ireland;
Argentina;Haiti;
Peru;Scotland;
Japan;Ghana;
Morocco;Ukraine;
Estonia;Lithuania;
Austria;Russia;
Luxembourg;Senegal;
Slovakia;Netherlands;
Australia;Czech Republic;
South Korea;Bosnia & Herzegovina;
Malta;Georgia;
Tunisia;Turkey;
France;Italy;
Thailand;China;
Zambia;Namibia;
Latvia;Estonia;
Austria;Germany;
England;Nigeria;
Sweden;Denmark;
Belgium;Portugal;
Iceland;Norway;
Montenegro;Slovenia;
Ireland;USA;
Honduras;El Salvador;
Mexico;Scotland;
Lesotho;Swaziland;
Brazil;Croatia;
Saudi Arabia;Peru;
Costa Rica;Northern Ireland;
Spain;Switzerland;
Moldova;Malta;
Slovakia;Morocco;
Italy;Netherlands;
Kazakhstan;Azerbaijan;
Lithuania;Latvia;
Romania;Finland;
Luxembourg;Georgia;
Russia;Turkey;
Czech Republic;Nigeria;
Norway;Panama;
Belarus;Hungary;
Belgium;Egypt;
South Korea;Bolivia;
Portugal;Algeria;
England;Costa Rica;
Iceland;Ghana;
Uruguay;Uzbekistan;
Lithuania;Iran;
Switzerland;Japan;
Germany;Saudi Arabia;
Croatia;Senegal;
Finland;Belarus;
Latvia;Azerbaijan;
Estonia;Morocco;
Tunisia;Spain;
Sweden;Peru;
Hungary;Australia;
Mexico;Denmark;
France;USA;
Austria;Brazil;
South Korea;Senegal;
Belgium;Costa Rica;
